movie,character1,character2,location,interactionType,result,timestamp,,"methodology: This dataset contains interaction data between characters in the  Star Wars prequal movies created by George Lucas. The links between characters are defined from when they are shown on screen. Multiple interaction types can happen between characters within a scene, signalling a new interaction for interaction types in the same scene. character1 and character2 are characters who are directly interacting with each other. These timestamps were derived from the DisneyPlus streaming service. ",
1,republic captain,qui-gon jinn,republic cruiser,dialogue,null,00:02:00,,,
1,republic captain,nute gunray,republic cruiser,dialogue,null,00:02:06,,variables,
1,tc-14,qui-gon jinn,trade federation ship,dialogue,null,00:02:43,,movie:,Star Wars Episode
1,obi-wan kenobi,qui-gon jinn,trade federation ship,dialogue,null,00:03:04,,character1:,Name of  character
1,tc-14,nute gunray,trade federation ship,dialogue,null,00:03:41,,character2:,Name of other character
1,gilramos libkath,nute gunray,trade federation ship,dialogue,null,00:03:48,,location:,Scene where interaction takes place
1,obi-wan kenobi,qui-gon jinn,trade federation ship,dialogue,null,00:04:09,,interactionType:,String describing interaction
1,gilramos libkath,darth sidious,trade federation ship,dialogue,null,00:04:27,,result:,Result of interactionType
1,nute gunray,darth sidious,trade federation ship,dialogue,null,00:04:34,,timestamp,Start of interaction.
1,republic captain,republic co-pilot,republic cruiser,fighting,null,00:05:07,,,
1,qui-gon jinn,obi-wan kenobi,trade federation ship,fighting,both escaped,00:05:14,,,
1,nute gunray,battle droid,trade federation ship,dialogue,null,00:05:26,,,
1,tc-14,battle droid,trade federation ship,dialogue,null,00:05:40,,,
1,obi-wan kenobi,battle droid,trade federation ship,fighting,destroyed battle droids,00:05:46,,,
1,qui-gon jinn,battle droid,trade federation ship,fighting,destroyed battle droids,00:05:46,,,
1,nute gunray,trade federation captain,trade federation ship,dialogue,null,00:05:53,,,
1,obi-wan kenobi,qui-gon jinn,trade federation ship,fighting,destroyed battle droids,00:05:56,,,
1,gilramos libkath,nute gunray,trade federation ship,dialogue,null,00:06:01,,,
1,obi-wan kenobi,qui-gon jinn,trade federation ship,fighting,destroyed battle droids,00:06:14,,,
1,nute gunray,trade federation captain,trade federation ship,dialogue,null,00:06:26,,,
1,obi-wan kenobi,qui-gon jinn,trade federation ship,fighting,destroyed battle droids,00:06:38,,,
1,nute gunray,gilramos libkath,trade federation ship,dialogue,null,00:06:46,,,
1,obi-wan kenobi,droidekas,trade federation ship,fighting,fleeing trade fedaration ship,00:06:58,,,
1,gilramos libkath,nute gunray,trade federation ship,dialogue,null,00:07:17,,,
1,qui-gon jinn,obi-wan kenobi,trade federation ship,dialogue,null,00:07:32,,,
1,queen amidala,nute gunray,trade federation ship,dialogue,null,00:07:59,,,
1,nute gunray,gilramos libkath,trade federation ship,dialogue,null,00:08:43,,,
1,senator palpatine,queen amidala,naboo,dialogue,null,00:08:59,,,
1,gregar typho,queen amidala,naboo,dialogue,null,00:09:20,,,
1,sio bibble,queen amidala,naboo,dialogue,null,00:09:23,,,
1,droid captain,nute gunray,naboo,dialogue,null,00:10:30,,,
1,jar jar binks,qui-gon jinn,naboo,dialogue,null,00:10:58,,,
1,qui-gon jinn,battle droid,naboo,fighting,destroyed battle droids,00:11:38,,,
1,qui-gon jinn,obi-wan kenobi,naboo,dialogue,null,00:11:58,,,
1,qui-gon jinn,jar jar binks,naboo,dialogue,null,00:11:59,,,
1,jar jar binks,obi-wan kenobi,naboo,dialogue,null,00:12:36,,,
1,jar jar binks,captain tarpals,gungan city,dialogue,null,00:14:27,,,
1,boss nass,qui-gon jinn,gungan city,dialogue,leave gungan city,00:14:53,,,
1,obi-wan kenobi,boss nass,gungan city,dialogue,leave gungan city,00:15:17,,,
1,jar jar binks,obi-wan kenobi,planet core,dialogue,null,00:17:32,,,
1,qui-gon jinn,jar jar binks,planet core,dialogue,null,00:18:28,,,
1,darth sidious,nute gunray,trade federation ship,dialogue,null,00:18:44,,,
1,jar jar binks,qui-gon jinn,planet core,fleeing,survived fish monster,00:19:22,,,
1,nute gunray,droid captain,naboo,dialogue,naboo invasion,00:21:10,,,
1,sio bibble,nute gunray,naboo,dialogue,null,00:21:35,,,
1,queen amidala decoy,nute gunray,naboo,dialogue,null,00:21:46,,,
1,droid captain,nute gunray,naboo,dialogue,null,00:21:54,,,
1,obi-wan kenobi,battle droid,naboo,fighting,free queen amidala,00:22:42,,,
1,qui-gon jinn,battle droid,naboo,fighting,free queen amidala,00:22:42,,,
1,jar jar binks,battle droid,naboo,fighting,free queen amidala,00:22:42,,,
1,qui-gon jinn,sio bibble,naboo,dialogue,null,00:23:07,,,
1,queen amidala decoy,qui-gon jinn,naboo,dialogue,null,00:23:30,,,
1,qui-gon jinn,droid captain,naboo,fighting,pilots freed,00:24:28,,,
1,obi-wan kenobi,droid captain,naboo,fighting,pilots freed,00:24:28,,,
1,obi-wan kenobi,jar jar binks,naboo starship,dialogue,null,00:25:18,,,
1,r2-d2,jar jar binks,naboo starship,dialogue,null,00:25:24,,,
1,ric olie,trade federation blockade,space,fighting,fleeing naboo,00:25:39,,,
1,qui-gon jinn,ric olie,naboo starship,dialogue,null,00:26:44,,,
1,obi-wan kenobi,qui-gon jinn,naboo starship,dialogue,null,00:26:54,,,
1,darth sidious,nute gunray,trade federation ship,dialogue,null,00:27:16,,,
1,darth maul,darth sidious,trade federation ship,dialogue,null,00:27:39,,,
1,nute gunray,gilramos libkath,trade federation ship,dialogue,null,00:27:54,,,
1,queen amidala decoy,r2-d2,naboo starship,dialogue,null,00:28:08,,,
1,qui-gon jinn,queen amidala decoy,naboo starship,dialogue,null,00:28:38,,,
1,padme amidala,jar jar binks,naboo starship,dialogue,null,00:28:57,,,
1,obi-wan kenobi,qui-gon jinn,naboo starship,dialogue,null,00:29:36,,,
1,gregar typho,qui-gon jinn,tatooine,dialogue,null,00:30:22,,,
1,qui-gon jinn,padme amidala,tatooine,dialogue,null,00:31:02,,,
1,watto,qui-gon jinn,tatooine,dialogue,null,00:31:45,,,
1,anakin skywalker,watto,tatooine,dialogue,null,00:31:56,,,
1,jar jar binks,qui-gon jinn,tatooine,dialogue,null,00:32:17,,,
1,padme amidala,anakin skywalker,tatooine,dialogue,null,00:32:29,,,
1,jar jar binks,anakin skywalker,tatooine,dialogue,null,00:33:34,,,
1,anakin skywalker,watto,tatooine,dialogue,null,00:33:41,,,
1,anakin skywalker,padme amidala,tatooine,dialogue,null,00:34:38,,,
1,watto,anakin skywalker,tatooine,dialogue,null,00:35:00,,,
1,qui-gon jinn,obi-wan kenobi,naboo starship,dialogue,null,00:35:21,,,
1,qui-gon jinn,jar jar binks,tatooine,dialogue,null,00:35:37,,,
1,sebulba,jar jar binks,tatooine,fighting,diffusion of sebulba from anakin,00:35:55,,,
1,anakin skywalker,sebulba,tatooine,dialogue,diffusion of sebulba from anakin,00:36:28,,,
1,qui-gon jinn,anakin skywalker,tatooine,dialogue,null,00:36:50,,,
1,obi-wan kenobi,gregar typho,tatooine,dialogue,null,00:37:20,,,
1,anakin skywalker,qui-gon jinn,tatooine,dialogue,invitation to home of anakin,00:37:48,,,
1,padme amidala,anakin skywalker,tatooine,dialogue,invitation to home of anakin,00:37:56,,,
1,anakin skywalker,shmi skywalker,tatooine,dialogue,null,00:38:18,,,
1,shmi skywalker,qui-gon jinn,tatooine,dialogue,null,00:38:30,,,
1,padme amidala,anakin skywalker,tatooine,dialogue,null,00:38:43,,,
1,c-3po,anakin skywalker,tatooine,dialogue,null,00:38:55,,,
1,r2-d2,c-3po,tatooine,dialogue,null,00:39:19,,,
1,sio bibble,queen amidala decoy,naboo starship,dialogue,null,00:39:47,,,
1,obi-wan kenobi,queen amidala decoy,naboo starship,dialogue,null,00:39:55,,,
1,qui-gon jinn,obi-wan kenobi,tatooine,dialogue,null,00:40:01,,,
1,darth maul,darth sidious,coruscant,dialogue,maul sent to tatooine,00:40:23,,,
1,shmi skywalker,anakin skywalker,tatooine,dialogue,null,00:40:54,,,
1,padme amidala,shmi skywalker,tatooine,dialogue,null,00:41:06,,,
1,qui-gon jinn,anakin skywalker,tatooine,dialogue,null,00:41:23,,,
1,shmi skywalker,qui-gon jinn,tatooine,dialogue,null,00:43:37,,,
1,padme amidala,qui-gon jinn,tatooine,dialogue,null,00:44:25,,,
1,watto,qui-gon jinn,tatooine,dialogue,anakin enlists in pod race,00:44:35,,,
1,anakin skywalker,watto,tatooine,dialogue,null,00:45:00,,,
1,obi-wan kenobi,qui-gon jinn,naboo starship,dialogue,null,00:46:20,,,
1,qui-gon jinn,shmi skywalker,tatooine,dialogue,null,00:46:38,,,
1,jar jar binks,jar jar binks,tatooine,dialogue,jar jar numbs tongue,00:48:30,,,
1,qui-gon jinn,anakin skywalker,tatooine,dialogue,null,00:49:04,,,
1,c-3po,r2-d2,tatooine,dialogue,null,00:49:22,,,
1,anakin skywalker,qui-gon jinn,tatooine,dialogue,anakin blood tested,00:50:00,,,
1,obi-wan kenobi,qui-gon jinn,tatooine,dialogue,null,00:50:40,,,
1,watto,qui-gon jinn,tatooine,dialogue,watta and qui-gon jinn bet for anakin,00:52:18,,,
1,anakin skywalker,watto,tatooine,dialogue,null,00:54:00,,,
1,r2-d2,c-3po,tatooine,dialogue,null,00:54:20,,,
1,anakin skywalker,padme amidala,tatooine,dialogue,null,00:54:30,,,
1,qui-gon jinn,padme amidala,tatooine,dialogue,null,00:58:45,,,
1,anakin skywalker,sebulba,tatooine,fighting,anakin wins pod race,01:10:23,,,
1,shmi skywalker,anakin skywalker,tatooine,dialogue,null,01:08:45,,,
1,qui-gon jinn,watto,tatooine,dialogue,anakin freed,01:10:36,,,
1,obi-wan kenobi,qui-gon jinn,tatooine,dialogue,ship fixed,01:11:20,,,
1,anakin skywalker,qui-gon jinn,tatooine,dialogue,null,01:11:44,,,
1,anakin skywalker,shmi skywalker,tatooine,dialogue,anakin leaves tatooine,01:12:06,,,
1,shmi skywalker,qui-gon jinn,tatooine,dialogue,null,01:12:20,,,
1,anakin skywalker,c-3po,tatooine,dialogue,null,01:14:14,,,
1,qui-gon jinn,darth maul,tatooine,fighting,qui gon escapes on ship,01:16:44,,,
1,gregar typho,obi-wan kenobi,naboo starship,dialogue,escape from naboo,01:17:12,,,
1,obi-wan kenobi,qui-gon jinn,naboo starship,dialogue,null,01:17:38,,,
1,qui-gon jinn,anakin skywalker,naboo starship,dialogue,null,01:17:48,,,
1,anakin skywalker,obi-wan kenobi,naboo starship,dialogue,anakin meets obi-wan,01:17:56,,,
1,nute gunray,sio bibble,naboo,dialogue,null,01:18:10,,,
1,padme amidala,anakin skywalker,naboo starship,dialogue,null,01:19:10,,,
1,ric olie,anakin skywalker,naboo starship,dialogue,null,01:20:40,,,
1,senator palpatine,queen amidala decoy,coruscant,dialogue,null,01:21:24,,,
1,chancellor valorum,queen amidala decoy,coruscant,dialogue,null,01:21:30,,,
1,qui-gon jinn,chancellor valorum,coruscant,dialogue,null,01:21:52,,,
1,padme amidala,anakin skywalker,coruscant,dialogue,null,01:22:03,,,
1,anakin skywalker,jar jar binks,coruscant,dialogue,null,01:22:16,,,
1,senator palpatine,queen amidala,coruscant,dialogue,null,01:22:54,,,
1,qui-gon jinn,ki-adi-mundi,coruscant,dialogue,null,01:24:23,,,
1,yoda,mace windu,coruscant,dialogue,null,01:24:33,,,
1,mace windu,qui-gon jinn,coruscant,dialogue,null,01:24:41,,,
1,qui-gon jinn,yoda,coruscant,dialogue,null,01:24:53,,,
1,queen amidala,anakin skywalker,coruscant,dialogue,null,01:26:18,,,
1,senator palpatine,chancellor valorum,coruscant,dialogue,null,01:27:07,,,
1,queen amidala,senator palpatine,coruscant,dialogue,null,01:28:14,,,
1,qui-gon jinn,obi-wan kenobi,coruscant,dialogue,null,01:29:27,,,
1,anakin skywalker,yoda,coruscant,dialogue,null,01:29:55,,,
1,mace windu,anakin skywalker,coruscant,dialogue,null,01:29:55,,,
1,ki-adi-mundi,anakin skywalker,coruscant,dialogue,null,01:30:28,,,
1,jar jar binks,queen amidala,coruscant,dialogue,null,01:31:12,,,
1,senator palpatine,queen amidala,coruscant,dialogue,null,01:31:44,,,
1,qui-gon jinn,ki-adi-mundi,coruscant,dialogue,null,01:33:11,,,
1,mace windu,qui-gon jinn,coruscant,dialogue,null,01:33:17,,,
1,yoda,qui-gon jinn,coruscant,dialogue,null,01:33:31,,,
1,obi-wan kenobi,yoda,coruscant,dialogue,null,01:33:58,,,
1,obi-wan kenobi,qui-gon jinn,coruscant,dialogue,null,01:34:54,,,
1,qui-gon jinn,anakin skywalker,coruscant,dialogue,null,01:35:17,,,
1,queen amidala,qui-gon jinn,coruscant,dialogue,return to naboo,01:36:00,,,
1,darth sidious,nute gunray,naboo,dialogue,null,01:36:55,,,
1,ric olie,anakin skywalker,naboo starship,dialogue,null,01:37:28,,,
1,gregar typho,queen amidala,naboo starship,dialogue,null,01:37:35,,,
1,qui-gon jinn,queen amidala,naboo starship,dialogue,null,01:37:40,,,
1,queen amidala,jar jar binks,naboo starship,dialogue,null,01:37:56,,,
1,obi-wan kenobi,ric olie,naboo starship,dialogue,null,01:38:08,,,
1,obi-wan kenobi,qui-gon jinn,naboo,dialogue,null,01:38:29,,,
1,qui-gon jinn,jar jar binks,naboo,dialogue,null,01:39:19,,,
1,captain tarpals,boss nass,naboo,dialogue,null,01:40:00,,,
1,jar jar binks,boss nass,naboo,dialogue,null,01:40:10,,,
1,queen amidala decoy,boss nass,naboo,dialogue,null,01:40:20,,,
1,boss nass,queen amidala,naboo,dialogue,gungan army joins battle,01:40:41,,,
1,darth sidious,nute gunray,naboo,dialogue,null,01:42:10,,,
1,darth maul,darth sidious,naboo,dialogue,null,01:42:24,,,
1,jar jar binks,boss nass,naboo,dialogue,null,01:42:50,,,
1,gregar typho,queen amidala,naboo,dialogue,null,01:43:10,,,
1,qui-gon jinn,queen amidala,naboo,dialogue,null,01:43:54,,,
1,gregar typho,qui-gon jinn,naboo,dialogue,null,01:43:58,,,
1,obi-wan kenobi,queen amidala,naboo,dialogue,null,01:44:24,,,
1,darth sidious,nute gunray,naboo,dialogue,null,01:44:40,,,
1,qui-gon jinn,anakin skywalker,naboo,dialogue,null,01:46:28,,,
1,nute gunray,gilramos libkath,naboo,dialogue,null,01:47:00,,,
1,qui-gon jinn,battle droid,naboo,fighting,destroyed battle droids,01:47:10,,,
1,qui-gon jinn,anakin skywalker,naboo,dialogue,null,01:50:16,,,
1,qui-gon jinn,darth maul,naboo,fighting,qui gon killed by darth maul,01:50:30,,,
1,obi-wan kenobi,darth maul,naboo,fighting,obi wan defeats darth maul,01:50:30,,,
1,anakin skywalker,r2-d2,naboo starfighter,fighting,trade federation ship destroyed,01:50:46,,,
1,nute gunray,queen amidala,naboo,fighting,nute gunray caught,02:00:38,,,
1,captain tarpals,jar jar binks,naboo,fighting,gungans beat battle droid army,02:03:39,,,
1,queen amidala,nute gunray,naboo,dialogue,null,02:05:33,,,
1,obi-wan kenobi,chancellor palpatine,naboo,dialogue,null,02:05:53,,,
1,chancellor palpatine,anakin skywalker,naboo,dialogue,null,02:05:58,,,
1,queen amidala,chancellor palpatine,naboo,dialogue,null,02:06:10,,,
1,yoda,obi-wan kenobi,coruscant,dialogue,obi wan becomes jedi knight,02:06:28,,,
1,anakin skywalker,obi-wan kenobi,naboo,dialogue,obi wan takes anakin as a padawan,02:07:43,,,
1,mace windu,yoda,naboo,dialogue,null,02:08:22,,,
2,queen amidala decoy,queen amidala bodyguard,naboo starfighter,dialogue,null,00:02:17,,,
2,padme amidala,gregar typho,coruscant,dialogue,null,00:03:17,,,
2,padme amidala,queen amidala decoy,coruscant,dialogue,queen amidala decoy assasinated,00:03:40,,,
2,gregar typho,padme amidala,coruscant,dialogue,null,00:04:00,,,
2,chancellor palpatine,mace windu,coruscant,dialogue,null,00:04:25,,,
2,yoda,chancellor palpatine,coruscant,dialogue,null,00:04:53,,,
2,padme amidala,yoda,coruscant,dialogue,null,00:05:27,,,
2,mace windu,padme amidala,coruscant,dialogue,null,00:05:40,,,
2,ki-adi-mundi,padme amidala,coruscant,dialogue,null,00:05:48,,,
2,chancellor palpatine,mace windu,coruscant,dialogue,null,00:06:06,,,
2,chancellor palpatine,padme amidala,coruscant,dialogue,null,00:06:25,,,
2,anakin skywalker,obi-wan kenobi,coruscant,dialogue,null,00:07:07,,,
2,jar jar binks,obi-wan kenobi,coruscant,dialogue,null,00:07:50,,,
2,jar jar binks,padme amidala,coruscant,dialogue,null,00:07:58,,,
2,padme amidala,obi-wan kenobi,coruscant,dialogue,null,00:08:10,,,
2,padme amidala,anakin skywalker,coruscant,dialogue,null,00:08:17,,,
2,obi-wan kenobi,anakin skywalker,coruscant,dialogue,null,00:08:58,,,
2,obi-wan kenobi,gregar typho,coruscant,dialogue,null,00:09:46,,,
2,jar jar binks,anakin skywalker,coruscant,dialogue,null,00:09:58,,,
2,jango fett,zam wesell,coruscant,dialogue,plot to assasinate padme,00:10:32,,,
2,obi-wan kenobi,anakin skywalker,coruscant,dialogue,null,00:10:48,,,
2,anakin skywalker,obi-wan kenobi,coruscant,dialogue,stopped assasination attempt on padme,00:13:54,,,
2,padme amidala,anakin skywalker,coruscant,dialogue,null,00:14:26,,,
2,zam wesell,obi-wan kenobi,coruscant,fighting,null,00:15:39,,,
2,obi-wan kenobi,anakin skywalker,coruscant,dialogue,saved from fall,00:16:20,,,
2,anakin skywalker,zam wesell,coruscant,fighting,null,00:19:28,,,
2,anakin skywalker,obi-wan kenobi,coruscant,dialogue,null,00:21:48,,,
2,obi-wan kenobi,zam wesell,coruscant,fighting,assasin caught,00:23:44,,,
2,anakin skywalker,zam wesell,coruscant,dialogue,null,00:24:13,,,
2,jango fett,zam wesell,coruscant,fighting,zam killed by jango,00:24:21,,,
2,yoda,obi-wan kenobi,coruscant,dialogue,null,00:24:54,,,
2,mace windu,obi-wan kenobi,coruscant,dialogue,null,00:24:58,,,
2,anakin skywalker,mace windu,coruscant,dialogue,null,00:25:12,,,
2,chancellor palpatine,anakin skywalker,coruscant,dialogue,null,00:25:46,,,
2,obi-wan kenobi,mace windu,coruscant,dialogue,null,00:26:38,,,
2,yoda,obi-wan kenobi,coruscant,dialogue,null,00:26:45,,,
2,jar jar binks,padme amidala,coruscant,dialogue,null,00:27:20,,,
2,padme amidala,anakin skywalker,coruscant,dialogue,null,00:27:51,,,
2,anakin skywalker,obi-wan kenobi,coruscant,dialogue,null,00:30:22,,,
2,obi-wan kenobi,padme amidala,coruscant,dialogue,null,00:30:31,,,
2,padme amidala,anakin skywalker,coruscant,dialogue,null,00:30:57,,,
2,gregar typho,obi-wan kenobi,coruscant,dialogue,null,00:31:13,,,
2,dex,obi-wan kenobi,coruscant,dialogue,null,00:31:46,,,
2,jocasta nu,obi-wan kenobi,coruscant,dialogue,null,00:33:52,,,
2,r2-d2,padme amidala,refugee ship,dialogue,null,00:35:08,,,
2,anakin skywalker,padme amidala,refugee ship,dialogue,null,00:35:11,,,
2,younglings,yoda,coruscant,dialogue,null,00:36:18,,,
2,yoda,obi-wan kenobi,coruscant,dialogue,null,00:36:30,,,
2,padme amidala,anakin skywalker,naboo,dialogue,null,00:38:46,,,
2,padme amidala,sio bibble,naboo,dialogue,null,00:39:25,,,
2,queen jamillia,padme amidala,naboo,dialogue,null,00:39:35,,,
2,anakin skywalker,padme amidala,naboo,dialogue,null,00:40:33,,,
2,r4-p17,obi-wan kenobi,jedi starfighter,dialogue,null,00:41:08,,,
2,taun we,obi-wan kenobi,kamino,dialogue,null,00:41:50,,,
2,lama su,obi-wan kenobi,kamino,dialogue,null,00:42:25,,,
2,padme amidala,anakin skywalker,naboo,dialogue,null,00:44:15,,,
2,obi-wan kenobi,lama su,kamino,dialogue,null,00:45:52,,,
2,obi-wan kenobi,taun we,kamino,dialogue,null,00:47:21,,,
2,anakin skywalker,padme amidala,naboo,dialogue,null,0047:53,,,
2,taun we,boba fett,kamino,dialogue,null,00:50:42,,,
2,taun we,jango fett,kamino,dialogue,null,00:51:09,,,
2,obi-wan kenobi,jango fett,kamino,dialogue,null,00:51:33,,,
2,boba fett,jango fett,kamino,dialogue,null,00:51:47,,,
2,anakin skywalker,padme amidala,kamino,dialogue,null,00:53:02,,,
2,taun we,obi-wan kenobi,kamino,dialogue,null,00:56:47,,,
2,r4-p17,obi-wan kenobi,kamino,dialogue,null,00:57:19,,,
2,mace windu,obi-wan kenobi,coruscant,dialogue,null,00:57:40,,,
2,yoda,obi-wan kenobi,coruscant,dialogue,null,00:57:49,,,
2,mace windu,yoda,coruscant,dialogue,null,00:58:35,,,
2,padme amidala,anakin skywalker,naboo,dialogue,null,00:59:33,,,
2,jango fett,obi-wan kenobi,kamino,fighting,jango and boba escape kamino,01:00:54,,,
2,anakin skywalker,padme amidala,tatooine,dialogue,null,01:04:20,,,
2,anakin skywalker,watto,tatooine,dialogue,null,01:04:30,,,
2,obi-wan kenobi,jango fett,geonosis,fighting,jango and boba escape to geonosis,01:06:38,,,
2,jango fett,boba fett,geonosis,dialogue,null,01:06:50,,,
2,obi-wan kenobi,r4-p17,geonosis,dialogue,null,01:10:17,,,
2,padme amidala,r2-d2,tatooine,dialogue,null,01:11:18,,,
2,anakin skywalker,c-3po,tatooine,dialogue,null,01:11:35,,,
2,c-3po,padme amidala,tatooine,dialogue,null,01:11:50,,,
2,owen lars,c-3po,tatooine,dialogue,null,01:12:08,,,
2,owen lars,anakin skywalker,tatooine,dialogue,null,01:12:10,,,
2,anakin skywalker,cliegg lars,tatooine,dialogue,null,01:12:30,,,
2,padme amidala,anakin skywalker,tatooine,dialogue,null,01:14:16,,,
2,count dooku,nute gunray,geonosis,dialogue,null,01:16:26,,,
2,wat tambor,count dooku,geonosis,dialogue,null,01:16:44,,,
2,anakin skywalker,shmi skywalker,tatooine,dialogue,shmi skywalker dies,01:18:34,,,
2,anakin skywalker,tusken raiders,tatooine,fighting,anakin kills every tusken raider in village,01:20:38,,,
2,mace windu,yoda,coruscant,dialogue,null,01:21:00,,,
2,r4-p17,obi-wan kenobi,geonosis,dialogue,null,01:21:41,,,
2,padme amidala,anakin skywalker,tatooine,dialogue,anakin tells padme of tusken genocide,01:23:48,,,
2,r2-d2,padme amidala,tatooine,dialogue,null,01:27:50,,,
2,c-3po,padme amidala,tatooine,dialogue,null,01:27:55,,,
2,anakin skywalker,c-3po,tatooine,dialogue,null,01:28:03,,,
2,anakin skywalker,obi-wan kenobi,tatooine,dialogue,null,01:28:10,,,
2,yoda,mace windu,coruscant,dialogue,null,01:28:52,,,
2,mace windu,anakin skywalker,tatooine,dialogue,null,01:29:00,,,
2,padme amidala,anakin skywalker,tatooine,dialogue,null,01:29:18,,,
2,bail organa,chancellor palpatine,coruscant,dialogue,null,01:30:06,,,
2,obi-wan kenobi,count dooku,geonosis,dialogue,dooku reveals a sith lord behind republic government,01:31:04,,,
2,jar jar binks,republic senate,coruscant,dialogue,jar jar introduces motion to give chancellor emergency powers,01:33:45,,,
2,republic senate,chancellor palpatine,coruscant,dialogue,null,01:34:20,,,
2,mace windu,yoda,coruscant,dialogue,null,01:35:00,,,
2,anakin skywalker,padme amidala,geonosis,dialogue,null,01:35:43,,,
2,r2-d2,c-3po,geonosis,dialogue,null,01:36:12,,,
2,anakin skywalker,geonocian drones,geonosis,fighting,killed drones,01:37:40,,,
2,jango fett,anakin skywalker,geonosis,fighting,anakin and padme captured,01:42:35,,,
2,padme amidala,anakin skywalker,geonosis,dialogue,null,01:42:55,,,
2,obi-wan kenobi,anakin skywalker,geonosis,dialogue,null,01:44:54,,,
2,count dooku,nute gunray,geonosis,dialogue,null,01:47:38,,,
2,mace windu,count dooku,geonosis,fighting,null,01:50:04,,,
2,jedi order,separatist army,geonosis,fighting,first battle in clone wars,01:50:15,,,
2,mace windu,jango fett,geonosis,fighting,jango killed by mace windu,01:52:47,,,
2,c-3po,r2-d2,geonosis,dialogue,null,01:54:40,,,
2,mace windu,count dooku,geonosis,dialogue,null,01:55:43,,,
2,separatist army,clone army,geonosis,fighting,yoda appears with clone army,01:56:27,,,
2,yoda,clone army,geonosis,fighting,null,01:56:38,,,
2,r2-d2,c-3po,geonosis,dialogue,null,01:57:34,,,
2,mace windu,yoda,geonosis,dialogue,null,01:57:52,,,
2,clone trooper pilot,anakin skywalker,geonosis,dialogue,null,01:58:10,,,
2,anakin skywalker,obi-wan kenobi,geonosis,dialogue,null,01:58:16,,,
2,nute gunray,count dooku,geonosis,dialogue,null,01:58:32,,,
2,poggle the lesser,count dooku,geonosis,dialogue,null,01:58:46,,,
2,mace windu,clone pilot,geonosis,dialogue,null,01:58:55,,,
2,clone trooper pilot,yoda,geonosis,dialogue,null,01:59:15,,,
2,clone captain,yoda,geonosis,dialogue,null,01:59:56,,,
2,count dooku,nute gunray,geonosis,dialogue,null,02:00:32,,,
2,count dooku,poggle the lesser,geonosis,dialogue,null,02:00:41,,,
2,anakin skywalker,obi-wan kenobi,geonosis,dialogue,null,02:03:00,,,
2,clone captain,yoda,geonosis,dialogue,null,02:04:25,,,
2,anakin skywalker,count dooku,geonosis,fighting,dooku cuts off arm of anakin,02:04:54,,,
2,obi-wan kenobi,count dooku,geonosis,fighting,null,02:04:54,,,
2,clone toroper,padme amidala,geonosis,dialogue,null,02:06:01,,,
2,yoda,count dooku,geonosis,fighting,dooku flees,02:07:46,,,
2,darth sidious,count dooku,coruscant,dialogue,dooku meets with palpatine,02:12:30,,,
2,obi-wan kenobi,mace windu,coruscant,dialogue,null,02:13:01,,,
2,yoda,obi-wan kenobi,coruscant,dialogue,null,02:13:12,,,
2,anakin skywalker,padme amidala,naboo,dialogue,padme and anakin secretly marry,02:14:50,,,
3,anakin skywalker,r2-d2,naboo,dialogue,null,00:03:03,,,
3,obi-wan kenobi,anakin skywalker,coruscant,dialogue,null,00:03:09,,,
3,clone trooper pilot,obi-wan kenobi,coruscant,dialogue,null,00:03:26,,,
3,anakin skywalker,obi-wan kenobi,coruscant,dialogue,null,00:03:48,,,
3,obi-wan kenobi,r4-p17,coruscant,dialogue,null,00:04:45,,,
3,r2-d2,anakin skywalker,coruscant,dialogue,null,00:04:50,,,
3,r4-p17,obi-wan kenobi,coruscant,dialogue,r4 destroyed,00:05:32,,,
3,obi-wan kenobi,battle droid,separatist cruiser,fighting,destroyed battle droids,00:07:33,,,
3,anakin skywalker,battle droid,separatist cruiser,fighting,destroyed battle droids,00:07:33,,,
3,r2-d2,obi-wan kenobi,separatist cruiser,dialogue,null,00:07:54,,,
3,r2-d2,obi-wan kenobi,separatist cruiser,dialogue,null,00:08:06,,,
3,general grievous,separatist captain,separatist cruiser,dialogue,null,00:08:30,,,
3,obi-wan kenobi,anakin skywalker,separatist cruiser,dialogue,null,00:08:54,,,
3,droidekas,anakin skywalker,separatist cruiser,fighting,destroyed battle droids,00:08:58,,,
3,droidekas,obi-wan kenobi,separatist cruiser,fighting,destroyed battle droids,00:08:58,,,
3,obi-wan kenobi,r2-d2,separatist cruiser,dialogue,null,00:09:30,,,
3,anakin skywalker,obi-wan kenobi,separatist cruiser,dialogue,null,00:09:55,,,
3,r2-d2,battle droid,separatist cruiser,fighting,r2 destroys battle droids,00:10:36,,,
3,anakin skywalker,obi-wan kenobi,separatist cruiser,dialogue,null,00:10:58,,,
3,chancellor palpatine,obi-wan kenobi,separatist cruiser,dialogue,null,00:11:48,,,
3,chancellor palpatine,anakin skywalker,separatist cruiser,dialogue,null,00:11:50,,,
3,anakin skywalker,obi-wan kenobi,separatist cruiser,dialogue,null,00:11:56,,,
3,obi-wan kenobi,count dooku,separatist cruiser,fighting,null,00:12:19,,,
3,anakin skywalker,count dooku,separatist cruiser,fighting,anakin decapitates dooku,00:12:19,,,
3,anakin skywalker,chancellor palpatine,separatist cruiser,dialogue,palpatine tells anakin to kill dooku,00:14:02,,,
3,r2-d2,anakin skywalker,separatist cruiser,dialogue,null,00:15:30,,,
3,obi-wan kenobi,anakin skywalker,separatist cruiser,dialogue,null,00:17:06,,,
3,anakin skywalker,r2-d2,separatist cruiser,dialogue,null,00:17:40,,,
3,anakin skywalker,obi-wan kenobi,separatist cruiser,dialogue,null,00:17:58,,,
3,general grievous,obi-wan kenobi,separatist cruiser,dialogue,null,00:18:38,,,
3,general grievous,anakin skywalker,separatist cruiser,dialogue,null,00:18:38,,,
3,magna guard,obi-wan kenobi,separatist cruiser,fighting,magna guard destroyed,00:19:40,,,
3,magna guard,anakin skywalker,separatist cruiser,fighting,magna guard destroyed,00:19:40,,,
3,obi-wan kenobi,general grievous,separatist cruiser,fighting,grievous escapes,00:20:31,,,
3,anakin skywalker,general grievous,separatist cruiser,fighting,grievous escapes,00:20:33,,,
3,anakin skywalker,obi-wan kenobi,separatist cruiser,dialogue,separatist cruiser landed on coruscant,00:21:30,,,
3,chancellor palpatine,mace windu,coruscant,dialogue,null,00:24:54,,,
3,anakin skywalker,senator organa,coruscant,dialogue,null,00:25:28,,,
3,c-3po,r2-d2,coruscant,dialogue,null,00:25:32,,,
3,anakin skywalker,padme amidala,coruscant,dialogue,padme tells anakin she is pregnant,00:25:55,,,
3,general grievous,darth sidious,utapau,dialogue,sidious tells grievous to move separatist leaders to mustafar,00:28:32,,,
3,padme amidala,anakin skywalker,coruscant,dialogue,anakin has nightmares of padme's death,00:29:28,,,
3,yoda,anakin skywalker,coruscant,dialogue,null,00:33:28,,,
3,obi-wan kenobi,anakin skywalker,coruscant,dialogue,null,00:34:39,,,
3,chancellor palpatine,anakin skywalker,coruscant,dialogue,null,00:35:52,,,
3,jedi council,anakin skywalker,coruscant,dialogue,null,00:36:54,,,
3,anakin skywalker,obi-wan kenobi,coruscant,dialogue,null,00:38:21,,,
3,yoda,obi-wan kenobi,coruscant,dialogue,null,00:40:23,,,
3,mace windu,obi-wan kenobi,coruscant,dialogue,null,00:40:23,,,
3,padme amidala,anakin skywalker,coruscant,dialogue,null,00:41:19,,,
3,chancellor palpatine,anakin skywalker,coruscant,dialogue,palpatine tells anakin tragedy of darth plagueis the wise,00:43:12,,,
3,yoda,jedi council,kashyyyk,dialogue,null,00:48:30,,,
3,anakin skywalker,jedi council,coruscant,dialogue,null,00:48:52,,,
3,clone commander,yoda,kashyyyk,dialogue,null,00:49:25,,,
3,wookie army,droid army,kashyyyk,fighting,null,00:49:50,,,
3,anakin skywalker,obi-wan kenobi,coruscant,dialogue,obi wan sent to fight general grievous,00:50:20,,,
3,commander cody,obi-wan kenobi,republic cruiser,dialogue,null,00:51:00,,,
3,anakin skywalker,padme amidala,coruscant,dialogue,anakin becomes more paranoid,00:52:43,,,
3,utapau leader,obi-wan kenobi,utapau,dialogue,reveals that grievous is on utapau,00:54:38,,,
3,separatist council,general grievous,utapau,dialogue,grievous tells separatist leaders to wait on mustafar,00:56:28,,,
3,general grievous,obi-wan kenobi,utapau,fighting,ob wan chases after grievous,00:57:40,,,
3,clone army,droid army,utapau,fighting,null,00:59:29,,,
3,commander cody,mace windu,coruscant,dialogue,null,01:01:02,,,
3,anakin skywalker,mace windu,coruscant,dialogue,null,01:01:12,,,
3,mace windu,jedi council,coruscant,dialogue,windu senses plot to destroy jedi,01:01:28,,,
3,chancellor palpatine,anakin skywalker,coruscant,dialogue,palpatine reveals that he is darth sidious,01:02:00,,,
3,obi-wan kenobi,general grievous,utapau,fighting,obi wan kills grievous,01:05:30,,,
3,anakin skywalker,mace windu,coruscant,dialogue,anakin reveals that palpatine is darth sidious,01:07:40,,,
3,mace windu,darth sidious,coruscant,fighting,palpatine kills 3 jedi masters,01:10:58,,,
3,darth sidious,anakin skywalker,coruscant,dialogue,palpatine tells anakin to stop windu,01:13:12,,,
3,darth sidious,mace windu,coruscant,fighting,sidious uses force lightning on windu,01:13:20,,,
3,anakin skywalker,mace windu,coruscant,fighting,anakin cuts off  mace windu's arm,01:14:22,,,
3,mace windu,darth sidious,coruscant,fighting,palpatine kills mace windu,01:15:00,,,
3,anakin skywalker,darth sidious,coruscant,dialogue,anakin becomes apprentice of sidious/darth vader,01:15:16,,,
3,anakin skywalker,jedi council,coruscant,fighting,anakin kills all jedi in the jedi temple,01:19:24,,,
3,obi-wan kenobi,commander cody,utapau,dialogue,null,01:20:20,,,
3,darth sidious,commander cody,utapau,dialogue,sidious executes order 66,01:20:39,,,
3,clone army,jedi order,galaxy,fighting,clones ordered to kill all jedi,01:21:05,,,
3,clone trooper,yoda,kashyyyk,fighting,yoda kills clone trooper,01:31:12,,,
3,clone army,jedi younglings,coruscant,fighting,clones kill jedi youngling with anakin,01:23:35,,,
3,anakin skywalker,jedi younglings,coruscant,fighting,anakin kills jedi younglings hiding in room,01:23:42,,,
3,bail organa,clone commander,coruscant,dialogue,null,01:24:38,,,
3,yoda,chewbacca,kashyyyk,dialogue,yoda leaves kashyyyk,01:25:52,,,
3,obi-wan kenobi,bail organa,utapau,dialogue,obi wan learns of jedi purge,01:27:39,,,
3,anakin skywalker,padme amidala,coruscant,dialogue,null,01:28:00,,,
3,r2-d2,c-3po,coruscant,dialogue,null,01:29:30,,,
3,c-3po,padme amidala,coruscant,dialogue,null,01:29:43,,,
3,yoda,obi-wan kenobi,alderaan cruiser,dialogue,null,01:30:18,,,
3,bail organa,yoda,alderaan cruiser,dialogue,null,01:30:18,,,
3,obi-wan kenobi,bail organa,alderaan cruiser,dialogue,null,01:30:18,,,
3,nute gunray,darth sidious,mustafar,dialogue,null,01:31:22,,,
3,separatist council,darth sidious,mustafar,dialogue,null,01:31:22,,,
3,anakin skywalker,r2-d2,mustafar,dialogue,null,01:33:00,,,
3,nute gunray,anakin skywalker,mustafar,fighting,anakin kills nute gunray,01:33:23,,,
3,separatist council,anakin skywalker,mustafar,fighting,anakin kills members of separatist council,01:33:23,,,
3,darth sidious,republic senate,coruscant,dialogue,palpatine proclaims himself emperor and jedi enemies of the republic,01:34:06,,,
3,padme amidala,bail organa,coruscant,dialogue,null,01:36:18,,,
3,obi-wan kenobi,yoda,coruscant,dialogue,null,01:36:40,,,
3,padme amidala,obi-wan kenobi,coruscant,dialogue,obi wan finds out that padme is pregnant with anakin's child,01:38:40,,,
3,gregar typho,padme amidala,coruscant,dialogue,null,01:41:24,,,
3,c-3po,padme amidala,coruscant,dialogue,null,01:40;52,,,
3,anakin skywalker,darth sidious,coruscant,dialogue,null,01:42:20,,,
3,padme amidala,anakin skywalker,mustafar,dialogue,anakin chokes padme,01:43:47,,,
3,obi-wan kenobi,anakin skywalker,mustafar,fighting,obi wan defeats anakin and leaves him imolated on mustafar,01:46:21,,,
3,yoda,darth sidious,coruscant,fighting,yoda can not defeat darth sidious and runs,01:48:20,,,
3,yoda,bail organa,coruscant,dialogue,null,01:56:37,,,
3,obi-wan kenobi,c-3po,mustafar,dialogue,null,02:01:18,,,
3,darth sidious,anakin skywalker,mustafar,dialogue,anakin is put into darth vader suit,02:03:15,,,
3,bail organa,yoda,polis massa,dialogue,null,02:03:45,,,
3,obi-wan kenobi,bail organa,polis massa,dialogue,null,02:04:13,,,
3,medical droid,obi-wan kenobi,polis massa,dialogue,padme is dying,02:04:45,,,
3,obi-wan kenobi,padme amidala,polis massa,dialogue,"padme names luke and leia, then dies",02:05:45,,,
3,darth vader,darth sidious,coruscant,dialogue,sidious reveals to vader that padme is dead,02:07:54,,,
3,bail organa,yoda,alderaan,dialogue,bail adopts leia,02:09:06,,,
3,bail organa,obi-wan kenobi,alderaan,dialogue,obi wan will take luke to live on tatooine,02:09:06,,,
3,obi-wan kenobi,yoda,alderaan,dialogue,yoda goes into exile on dagobah,02:09:06,,,
3,darth vader,darth sidious,empirial cruiser,dialogue,sidious and vader look at construction of death star,02:11:35,,,